Title,Price,Image,Color,Size,Short Description,Long Description,Type,SKU
Verament Fantastic Magliett,12,imgs-hottest-football-players.jpg,Blue,S,"small shirt, see chebbell?","Small shirt, definitely very bell, see? Compr!",T-shirt,Verament Fantastic Magliett_Blue_S
Verament Fantastic Magliett,12,imgs-hottest-football-players.jpg,Blue,M,"small shirt, see chebbell?","Small shirt, definitely very bell, see? Compr!",T-shirt,Verament Fantastic Magliett_Blue_M
Verament Fantastic Magliett,12,imgs-hottest-football-players.jpg,Blue,L,"small shirt, see chebbell?","Small shirt, definitely very bell, see? Compr!",T-shirt,Verament Fantastic Magliett_Blue_L
Verament Fantastic Magliett,12,imgs-hottest-football-players.jpg,Blue,XL,"small shirt, see chebbell?","Small shirt, definitely very bell, see? Compr!",T-shirt,Verament Fantastic Magliett_Blue_XL
Verament Fantastic Magliett,12,imgs-hottest-football-players.jpg,Blue,XXL,"small shirt, see chebbell?","Small shirt, definitely very bell, see? Compr!",T-shirt,Verament Fantastic Magliett_Blue_XXL
Verament Fantastic Magliett,12,imgs-hottest-football-players.jpg,Red,S,"small shirt, see chebbell?","Small shirt, definitely very bell, see? Compr!",T-shirt,Verament Fantastic Magliett_Red_S
Verament Fantastic Magliett,12,imgs-hottest-football-players.jpg,Red,S,"small shirt, see chebbell?","Small shirt, definitely very bell, see? Compr!",T-shirt,Verament Fantastic Magliett_Red_S
bombMagliet,56,kitty jump.jpg,Yellow,S,Maronn kebbell!,"Quest bellisss compr du, compr tr, compr tutt famiggh!",T-shirt,bombMagliet_Yellow_S
bombMagliet,56,kitty jump.jpg,Yellow,M,Maronn kebbell!,"Quest bellisss compr du, compr tr, compr tutt famiggh!",T-shirt,bombMagliet_Yellow_M
bombMagliet,56,kitty jump.jpg,Yellow,XL,Maronn kebbell!,"Quest bellisss compr du, compr tr, compr tutt famiggh!",T-shirt,bombMagliet_Yellow_XL
bombMagliet,56,kitty jump.jpg,Yellow,XXL,Maronn kebbell!,"Quest bellisss compr du, compr tr, compr tutt famiggh!",T-shirt,bombMagliet_Yellow_XXL
bombMagliet,56,hoodies.jpg,Orange,S,Maronn kebbell!,"Quest bellisss compr du, compr tr, compr tutt famiggh!",T-shirt,bombMagliet_Orange_S
bombMagliet,56,hoodies.jpg,Orange,M,Maronn kebbell!,"Quest bellisss compr du, compr tr, compr tutt famiggh!",T-shirt,bombMagliet_Orange_M
bombMagliet,56,hoodies.jpg,Orange,XL,Maronn kebbell!,"Quest bellisss compr du, compr tr, compr tutt famiggh!",T-shirt,bombMagliet_Orange_XL
bombMagliet,56,hoodies.jpg,Orange,XXL,Maronn kebbell!,"Quest bellisss compr du, compr tr, compr tutt famiggh!",T-shirt,bombMagliet_Orange_XXL
diobonMagliett,56,kitty jump.jpg,Yellow,S,Maronn kebbell!,"Quest bellisss compr du, compr tr, compr tutt famiggh!",T-shirt,diobonMagliett_Yellow_S
diobonMagliett,56,kitty jump.jpg,Yellow,M,Maronn kebbell!,"Quest bellisss compr du, compr tr, compr tutt famiggh!",T-shirt,diobonMagliett_Yellow_M
diobonMagliett,56,kitty jump.jpg,Yellow,XL,Maronn kebbell!,"Quest bellisss compr du, compr tr, compr tutt famiggh!",T-shirt,diobonMagliett_Yellow_XL
diobonMagliett,56,kitty jump.jpg,Yellow,XXL,Maronn kebbell!,"Quest bellisss compr du, compr tr, compr tutt famiggh!",T-shirt,diobonMagliett_Yellow_XXL
diobonMagliett,56,hoodies.jpg,Orange,S,Maronn kebbell!,"Quest bellisss compr du, compr tr, compr tutt famiggh!",T-shirt,diobonMagliett_Orange_S
diobonMagliett,56,hoodies.jpg,Orange,M,Maronn kebbell!,"Quest bellisss compr du, compr tr, compr tutt famiggh!",T-shirt,diobonMagliett_Orange_M
diobonMagliett,56,hoodies.jpg,Orange,XL,Maronn kebbell!,"Quest bellisss compr du, compr tr, compr tutt famiggh!",T-shirt,diobonMagliett_Orange_XL
diobonMagliett,56,hoodies.jpg,Orange,XXL,Maronn kebbell!,"Quest bellisss compr du, compr tr, compr tutt famiggh!",T-shirt,diobonMagliett_Orange_XXL
maroonKeMagliett,12,imgs-hottest-football-players.jpg,Blue,S,"small shirt, see chebbell?","Small shirt, definitely very bell, see? Compr!",T-shirt,maroonKeMagliett_Blue_S
maroonKeMagliett,12,imgs-hottest-football-players.jpg,Blue,M,"small shirt, see chebbell?","Small shirt, definitely very bell, see? Compr!",T-shirt,maroonKeMagliett_Blue_M
maroonKeMagliett,12,imgs-hottest-football-players.jpg,Blue,L,"small shirt, see chebbell?","Small shirt, definitely very bell, see? Compr!",T-shirt,maroonKeMagliett_Blue_L
maroonKeMagliett,12,imgs-hottest-football-players.jpg,Blue,XL,"small shirt, see chebbell?","Small shirt, definitely very bell, see? Compr!",T-shirt,maroonKeMagliett_Blue_XL
maroonKeMagliett,12,imgs-hottest-football-players.jpg,Blue,XXL,"small shirt, see chebbell?","Small shirt, definitely very bell, see? Compr!",T-shirt,maroonKeMagliett_Blue_XXL
maroonKeMagliett,12,imgs-hottest-football-players.jpg,Red,S,"small shirt, see chebbell?","Small shirt, definitely very bell, see? Compr!",T-shirt,maroonKeMagliett_Red_S
maroonKeMagliett,12,imgs-hottest-football-players.jpg,Red,S,"small shirt, see chebbell?","Small shirt, definitely very bell, see? Compr!",T-shirt,maroonKeMagliett_Red_S
MaglietIncredibbl,56,kitty jump.jpg,Yellow,S,Maronn kebbell!,"Quest bellisss compr du, compr tr, compr tutt famiggh!",T-shirt,MaglietIncredibbl_Yellow_S
MaglietIncredibbl,56,kitty jump.jpg,Yellow,M,Maronn kebbell!,"Quest bellisss compr du, compr tr, compr tutt famiggh!",T-shirt,MaglietIncredibbl_Yellow_M
MaglietIncredibbl,56,kitty jump.jpg,Yellow,XL,Maronn kebbell!,"Quest bellisss compr du, compr tr, compr tutt famiggh!",T-shirt,MaglietIncredibbl_Yellow_XL
MaglietIncredibbl,56,kitty jump.jpg,Yellow,XXL,Maronn kebbell!,"Quest bellisss compr du, compr tr, compr tutt famiggh!",T-shirt,MaglietIncredibbl_Yellow_XXL
MaglietIncredibbl,56,hoodies.jpg,Orange,S,Maronn kebbell!,"Quest bellisss compr du, compr tr, compr tutt famiggh!",T-shirt,MaglietIncredibbl_Orange_S
MaglietIncredibbl,56,hoodies.jpg,Orange,M,Maronn kebbell!,"Quest bellisss compr du, compr tr, compr tutt famiggh!",T-shirt,MaglietIncredibbl_Orange_M
MaglietIncredibbl,56,hoodies.jpg,Orange,XL,Maronn kebbell!,"Quest bellisss compr du, compr tr, compr tutt famiggh!",T-shirt,MaglietIncredibbl_Orange_XL
MaglietIncredibbl,56,hoodies.jpg,Orange,XXL,Maronn kebbell!,"Quest bellisss compr du, compr tr, compr tutt famiggh!",T-shirt,MaglietIncredibbl_Orange_XXL
LaMaglietDiMaradonn,56,kitty jump.jpg,Yellow,S,Maronn kebbell!,"Quest bellisss compr du, compr tr, compr tutt famiggh!",T-shirt,LaMaglietDiMaradonn_Yellow_S
LaMaglietDiMaradonn,56,kitty jump.jpg,Yellow,M,Maronn kebbell!,"Quest bellisss compr du, compr tr, compr tutt famiggh!",T-shirt,LaMaglietDiMaradonn_Yellow_M
LaMaglietDiMaradonn,56,kitty jump.jpg,Yellow,XL,Maronn kebbell!,"Quest bellisss compr du, compr tr, compr tutt famiggh!",T-shirt,LaMaglietDiMaradonn_Yellow_XL
LaMaglietDiMaradonn,56,kitty jump.jpg,Yellow,XXL,Maronn kebbell!,"Quest bellisss compr du, compr tr, compr tutt famiggh!",T-shirt,LaMaglietDiMaradonn_Yellow_XXL
LaMaglietDiMaradonn,56,hoodies.jpg,Orange,S,Maronn kebbell!,"Quest bellisss compr du, compr tr, compr tutt famiggh!",T-shirt,LaMaglietDiMaradonn_Orange_S
LaMaglietDiMaradonn,56,hoodies.jpg,Orange,M,Maronn kebbell!,"Quest bellisss compr du, compr tr, compr tutt famiggh!",T-shirt,LaMaglietDiMaradonn_Orange_M
LaMaglietDiMaradonn,56,hoodies.jpg,Orange,XL,Maronn kebbell!,"Quest bellisss compr du, compr tr, compr tutt famiggh!",T-shirt,LaMaglietDiMaradonn_Orange_XL
LaMaglietDiMaradonn,56,hoodies.jpg,Orange,XXL,Maronn kebbell!,"Quest bellisss compr du, compr tr, compr tutt famiggh!",T-shirt,LaMaglietDiMaradonn_Orange_XXL
MagliettDiNostrSignorGesu,56,kitty jump.jpg,Yellow,S,Maronn kebbell!,"Quest bellisss compr du, compr tr, compr tutt famiggh!",T-shirt,MagliettDiNostrSignorGesu_Yellow_S
MagliettDiNostrSignorGesu,56,kitty jump.jpg,Yellow,M,Maronn kebbell!,"Quest bellisss compr du, compr tr, compr tutt famiggh!",T-shirt,MagliettDiNostrSignorGesu_Yellow_M
MagliettDiNostrSignorGesu,56,kitty jump.jpg,Yellow,XL,Maronn kebbell!,"Quest bellisss compr du, compr tr, compr tutt famiggh!",T-shirt,MagliettDiNostrSignorGesu_Yellow_XL
MagliettDiNostrSignorGesu,56,kitty jump.jpg,Yellow,XXL,Maronn kebbell!,"Quest bellisss compr du, compr tr, compr tutt famiggh!",T-shirt,MagliettDiNostrSignorGesu_Yellow_XXL
MagliettDiNostrSignorGesu,56,hoodies.jpg,Orange,S,Maronn kebbell!,"Quest bellisss compr du, compr tr, compr tutt famiggh!",T-shirt,MagliettDiNostrSignorGesu_Orange_S
MagliettDiNostrSignorGesu,56,hoodies.jpg,Orange,M,Maronn kebbell!,"Quest bellisss compr du, compr tr, compr tutt famiggh!",T-shirt,MagliettDiNostrSignorGesu_Orange_M
MagliettDiNostrSignorGesu,56,hoodies.jpg,Orange,XL,Maronn kebbell!,"Quest bellisss compr du, compr tr, compr tutt famiggh!",T-shirt,MagliettDiNostrSignorGesu_Orange_XL
MagliettDiNostrSignorGesu,56,hoodies.jpg,Orange,XXL,Maronn kebbell!,"Quest bellisss compr du, compr tr, compr tutt famiggh!",T-shirt,MagliettDiNostrSignorGesu_Orange_XXL
LamagliettDelsecl,56,T-shirt_S_1.png,Orange,XXL,Maronn kebbell!,"Quest bellisss compr du, compr tr, compr tutt famiggh!",T-shirt,LamagliettDelsecl_Orange_XXL
MagliaNostraSignor,56,T-shirt_S_2.png,Orange,XXL,Maronn kebbell!,"Quest bellisss compr du, compr tr, compr tutt famiggh!",T-shirt,MagliaNostraSignor_Orange_XXL
MagliettRosario,,T-shirt_S_3.png,Orange,XXL,Maronn kebbell!,"Quest bellisss compr du, compr tr, compr tutt famiggh!",T-shirt,MagliettRosario_Orange_XXL
NunzioNunzio!,,T-shirt_S_4.png,Orange,XXL,Maronn kebbell!,"Quest bellisss compr du, compr tr, compr tutt famiggh!",T-shirt,NunzioNunzio!_Orange_XXL
OronzSalvator,,T-shirt_S_5.png,Orange,XXL,Maronn kebbell!,"Quest bellisss compr du, compr tr, compr tutt famiggh!",T-shirt,OronzSalvator_Orange_XXL
AmmiaNonCiPiaccIgatt,,T-shirt_S_6.png,Orange,XXL,Maronn kebbell!,"Quest bellisss compr du, compr tr, compr tutt famiggh!",T-shirt,AmmiaNonCiPiaccIgatt_Orange_XXL
Mariii,,T-shirt_S_7.png,Orange,XXL,Maronn kebbell!,"Quest bellisss compr du, compr tr, compr tutt famiggh!",T-shirt,Mariii_Orange_XXL
Mammaaaa,,T-shirt_S_8.png,Orange,XXL,Maronn kebbell!,"Quest bellisss compr du, compr tr, compr tutt famiggh!",T-shirt,Mammaaaa_Orange_XXL